<?xml version="1.0" encoding="UTF-8"?><office:document-content xmlns:office="urn:oasis:names:tc:opendocument:xmlns:office:1.0" xmlns:meta="urn:oasis:names:tc:opendocument:xmlns:meta:1.0" xmlns:config="urn:oasis:names:tc:opendocument:xmlns:config:1.0" xmlns:text="urn:oasis:names:tc:opendocument:xmlns:text:1.0" xmlns:table="urn:oasis:names:tc:opendocument:xmlns:table:1.0" xmlns:draw="urn:oasis:names:tc:opendocument:xmlns:drawing:1.0" xmlns:presentation="urn:oasis:names:tc:opendocument:xmlns:presentation:1.0" xmlns:dr3d="urn:oasis:names:tc:opendocument:xmlns:dr3d:1.0" xmlns:chart="urn:oasis:names:tc:opendocument:xmlns:chart:1.0" xmlns:form="urn:oasis:names:tc:opendocument:xmlns:form:1.0" xmlns:script="urn:oasis:names:tc:opendocument:xmlns:script:1.0" xmlns:style="urn:oasis:names:tc:opendocument:xmlns:style:1.0" xmlns:number="urn:oasis:names:tc:opendocument:xmlns:datastyle:1.0" xmlns:anim="urn:oasis:names:tc:opendocument:xmlns:animation:1.0" xmlns:dc="http://purl.org/dc/elements/1.1/" xmlns:xlink="http://www.w3.org/1999/xlink" xmlns:math="http://www.w3.org/1998/Math/MathML" xmlns:xforms="http://www.w3.org/2002/xforms" xmlns:fo="urn:oasis:names:tc:opendocument:xmlns:xsl-fo-compatible:1.0" xmlns:svg="urn:oasis:names:tc:opendocument:xmlns:svg-compatible:1.0" xmlns:smil="urn:oasis:names:tc:opendocument:xmlns:smil-compatible:1.0"><office:automatic-styles><style:style style:name="T1" style:family="text"><style:text-properties fo:font-size="18.00pt" fo:font-weight="bold" fo:font-family="'Times New Roman'" style:font-family-asian="'Times New Roman'" style:font-family-complex="'Times New Roman'" fo:background-color="transparent" style:use-window-font-color="true" /></style:style><style:style style:name="T2" style:family="text"><style:text-properties fo:font-size="48.00pt" fo:font-weight="bold" fo:font-family="'Times New Roman'" style:font-family-asian="'Times New Roman'" style:font-family-complex="'Times New Roman'" fo:background-color="transparent" style:use-window-font-color="true" /></style:style><style:style style:name="T3" style:family="text"><style:text-properties fo:font-size="18.00pt" fo:font-weight="bold" fo:font-family="'Times New Roman'" style:font-family-asian="'Times New Roman'" style:font-family-complex="'Times New Roman'" fo:background-color="transparent" style:use-window-font-color="true" /></style:style><style:style style:name="T4" style:family="text"><style:text-properties fo:font-size="48.00pt" fo:font-weight="bold" fo:font-family="'Times New Roman'" style:font-family-asian="'Times New Roman'" style:font-family-complex="'Times New Roman'" fo:background-color="transparent" style:use-window-font-color="true" /></style:style><style:style style:name="T5" style:family="text"><style:text-properties fo:font-size="18.00pt" fo:font-weight="bold" fo:font-family="'Times New Roman'" style:font-family-asian="'Times New Roman'" style:font-family-complex="'Times New Roman'" fo:background-color="transparent" style:use-window-font-color="true" /></style:style><style:style style:name="T6" style:family="text"><style:text-properties fo:font-size="11.00pt" fo:font-weight="normal" fo:font-family="Calibri" style:font-family-asian="Calibri" style:font-family-complex="Calibri" fo:background-color="transparent" style:use-window-font-color="true" /></style:style><style:style style:name="T7" style:family="text"><style:text-properties fo:font-size="12.00pt" fo:font-weight="normal" fo:font-family="'Times New Roman'" style:font-family-asian="'Times New Roman'" style:font-family-complex="'Times New Roman'" fo:background-color="transparent" style:use-window-font-color="true" /></style:style><style:style style:name="T8" style:family="text"><style:text-properties fo:font-size="12.00pt" fo:font-weight="bold" fo:font-family="'Times New Roman'" style:font-family-asian="'Times New Roman'" style:font-family-complex="'Times New Roman'" fo:background-color="transparent" style:use-window-font-color="true" /></style:style><style:style style:name="T9" style:family="text"><style:text-properties fo:font-size="12.00pt" fo:font-weight="normal" fo:font-family="'Times New Roman'" style:font-family-asian="'Times New Roman'" style:font-family-complex="'Times New Roman'" fo:background-color="transparent" style:use-window-font-color="true" /></style:style><style:style style:name="T10" style:family="text"><style:text-properties fo:font-size="11.00pt" fo:font-weight="normal" fo:font-family="Calibri" style:font-family-asian="Calibri" style:font-family-complex="Calibri" fo:background-color="transparent" style:use-window-font-color="true" /></style:style><style:style style:name="T11" style:family="text"><style:text-properties fo:font-size="12.00pt" fo:font-weight="normal" fo:font-family="'Times New Roman'" style:font-family-asian="'Times New Roman'" style:font-family-complex="'Times New Roman'" fo:background-color="transparent" style:use-window-font-color="true" /></style:style><style:style style:name="P1" style:family="paragraph"><style:paragraph-properties fo:line-height="100.00%" fo:text-align="left" /></style:style><style:style style:name="P2" style:family="paragraph"><style:paragraph-properties fo:line-height="100.00%" fo:text-align="center" /></style:style><style:style style:name="P3" style:family="paragraph"><style:paragraph-properties fo:line-height="100.00%" fo:text-align="left" /></style:style><style:style style:name="P4" style:family="paragraph"><style:paragraph-properties fo:line-height="100.00%" fo:text-align="left" /></style:style><style:style style:name="P5" style:family="paragraph"><style:paragraph-properties fo:line-height="100.00%" fo:text-align="center" /></style:style><style:style style:name="P6" style:family="paragraph"><style:paragraph-properties fo:line-height="100.00%" fo:text-align="left" /></style:style></office:automatic-styles><office:body><office:text><text:p text:style-name="P1"><text:span text:style-name="T1">Universitatea Tehnica din Cluj-Napoca</text:span></text:p><text:p text:style-name="P1"><text:span text:style-name="T1">Facultatea de automatica si calculatoare</text:span></text:p><text:p text:style-name="P1"><text:span text:style-name="T1" /></text:p><text:p text:style-name="P2"><text:span text:style-name="T1" /></text:p><text:p text:style-name="P2"><text:span text:style-name="T1" /></text:p><text:p text:style-name="P2"><text:span text:style-name="T1" /></text:p><text:p text:style-name="P2"><text:span text:style-name="T2" /></text:p><text:p text:style-name="P2"><text:span text:style-name="T2" /></text:p><text:p text:style-name="P2"><text:span text:style-name="T2">PROIECT 4</text:span></text:p><text:p text:style-name="P2"><text:span text:style-name="T2" /></text:p><text:p text:style-name="P2"><text:span text:style-name="T2" /></text:p><text:p text:style-name="P2"><text:span text:style-name="T2" /></text:p><text:p text:style-name="P2"><text:span text:style-name="T2" /></text:p><text:p text:style-name="P3"><text:span text:style-name="T3" /></text:p><text:p text:style-name="P3"><text:span text:style-name="T3" /></text:p><text:p text:style-name="P3"><text:span text:style-name="T3" /></text:p><text:p text:style-name="P3"><text:span text:style-name="T3" /></text:p><text:p text:style-name="P3"><text:span text:style-name="T3" /></text:p><text:p text:style-name="P3"><text:span text:style-name="T3" /></text:p><text:p text:style-name="P3"><text:span text:style-name="T3">Student : Balea Patricia </text:span></text:p><text:p text:style-name="P3"><text:span text:style-name="T3">Coordonator: Marius Misaros</text:span></text:p><text:p text:style-name="P3"><text:span text:style-name="T3">Group: 30111 </text:span></text:p><text:p text:style-name="P3"><text:span text:style-name="T3">2021-2022</text:span></text:p><text:p text:style-name="P4"><text:span text:style-name="T4" /></text:p><text:p text:style-name="P5"><text:span text:style-name="T5" /></text:p><text:p text:style-name="P5"><text:span text:style-name="T5" /></text:p><text:p text:style-name="P5"><text:span text:style-name="T5" /></text:p><text:p text:style-name="P5"><text:span text:style-name="T5" /></text:p><text:p text:style-name="P5"><text:span text:style-name="T5" /></text:p><text:p text:style-name="P5"><text:span text:style-name="T5" /></text:p><text:p text:style-name="P5"><text:span text:style-name="T5" /></text:p><text:p text:style-name="P5"><text:span text:style-name="T5" /></text:p><text:p text:style-name="P5"><text:span text:style-name="T5" /></text:p><text:p text:style-name="P5"><text:span text:style-name="T5" /></text:p><text:p text:style-name="P5"><text:span text:style-name="T5" /></text:p><text:p text:style-name="P5"><text:span text:style-name="T5" /></text:p><text:p text:style-name="P5"><text:span text:style-name="T5" /></text:p><text:p text:style-name="P5"><text:span text:style-name="T5" /></text:p><text:p text:style-name="P5"><text:span text:style-name="T5" /></text:p><text:p text:style-name="P5"><text:span text:style-name="T5" /></text:p><text:p text:style-name="P5"><text:span text:style-name="T5" /></text:p><text:p text:style-name="P5"><text:span text:style-name="T5" /></text:p><text:p text:style-name="P5"><text:span text:style-name="T5" /></text:p><text:p text:style-name="P5"><text:span text:style-name="T5" /></text:p><text:p text:style-name="P5"><text:span text:style-name="T5" /></text:p><text:p text:style-name="P5"><text:span text:style-name="T5" /></text:p><text:p text:style-name="P5"><text:span text:style-name="T5" /></text:p><text:p text:style-name="P5"><text:span text:style-name="T5">Proiect OpenGL</text:span></text:p><text:p text:style-name="P5"><text:span text:style-name="T6" /></text:p><text:p text:style-name="P6"><text:span text:style-name="T6" /></text:p><text:p text:style-name="P6"><draw:frame text:anchor-type="as-char" svg:width="172.77mm" svg:height="61.38mm" style:rel-width="scale" style:rel-height="scale"><draw:object-ole xlink:href="OleObj1" /><draw:image xlink:href="ObjectReplacements/OleObj1" /></draw:frame><text:span text:style-name="T6" /></text:p><text:p text:style-name="P6"><draw:frame text:anchor-type="as-char" svg:width="116.68mm" svg:height="31.75mm" style:rel-width="scale" style:rel-height="scale"><draw:object-ole xlink:href="OleObj2" /><draw:image xlink:href="ObjectReplacements/OleObj2" /></draw:frame><draw:frame text:anchor-type="as-char" svg:width="153.46mm" svg:height="67.20mm" style:rel-width="scale" style:rel-height="scale"><draw:object-ole xlink:href="OleObj3" /><draw:image xlink:href="ObjectReplacements/OleObj3" /></draw:frame><text:span text:style-name="T6" /></text:p><text:p text:style-name="P6"><text:span text:style-name="T6" /></text:p><text:p text:style-name="P6"><text:span text:style-name="T6" /></text:p><text:p text:style-name="P6"><text:span text:style-name="T6" /></text:p><text:p text:style-name="P6"><text:span text:style-name="T6" /></text:p><text:p text:style-name="P6"><text:span text:style-name="T6" /></text:p><text:p text:style-name="P6"><text:span text:style-name="T6" /></text:p><text:p text:style-name="P6"><text:span text:style-name="T6" /></text:p><text:p text:style-name="P6"><text:span text:style-name="T6" /></text:p><text:p text:style-name="P6"><text:span text:style-name="T6" /></text:p><text:p text:style-name="P6"><draw:frame text:anchor-type="as-char" svg:width="175.95mm" svg:height="92.34mm" style:rel-width="scale" style:rel-height="scale"><draw:object-ole xlink:href="OleObj4" /><draw:image xlink:href="ObjectReplacements/OleObj4" /></draw:frame><text:span text:style-name="T6" /></text:p><text:p text:style-name="P6"><text:span text:style-name="T6" /></text:p><text:p text:style-name="P6"><text:span text:style-name="T7"><text:tab /></text:span><text:span text:style-name="T8">Descriere cod</text:span><text:span text:style-name="T9">: codul construieste o piramida care se roteste, cu o culoare diferita pe fiecare dintre fete.</text:span></text:p><text:p text:style-name="P6"><text:span text:style-name="T10" /></text:p><text:p text:style-name="P6"><text:span text:style-name="T11"><text:tab /></text:span></text:p></office:text></office:body></office:document-content>